{
    "name": "root",
    "gauges": {
        "LunarLander.Policy.Entropy.mean": {
            "value": 1.8963240385055542,
            "min": 0.9319605827331543,
            "max": 2.1805996894836426,
            "count": 300
        },
        "LunarLander.Policy.Entropy.sum": {
            "value": 19039.09375,
            "min": 9916.060546875,
            "max": 21762.384765625,
            "count": 300
        },
        "LunarLander.Step.mean": {
            "value": 2999950.0,
            "min": 9959.0,
            "max": 2999950.0,
            "count": 300
        },
        "LunarLander.Step.sum": {
            "value": 2999950.0,
            "min": 9959.0,
            "max": 2999950.0,
            "count": 300
        },
        "LunarLander.Policy.ExtrinsicValueEstimate.mean": {
            "value": 616.3277587890625,
            "min": -2707.568603515625,
            "max": 989.2728271484375,
            "count": 300
        },
        "LunarLander.Policy.ExtrinsicValueEstimate.sum": {
            "value": 98612.4375,
            "min": -449456.375,
            "max": 158283.65625,
            "count": 300
        },
        "LunarLander.Environment.EpisodeLength.mean": {
            "value": 1169.0,
            "min": 243.57894736842104,
            "max": 1185.7142857142858,
            "count": 300
        },
        "LunarLander.Environment.EpisodeLength.sum": {
            "value": 9352.0,
            "min": 1491.0,
            "max": 18711.0,
            "count": 300
        },
        "LunarLander.Performance.TargetDeviation.mean": {
            "value": 9.613494912783304,
            "min": 3.8757983297109604,
            "max": 361.7225525595925,
            "count": 300
        },
        "LunarLander.Performance.TargetDeviation.sum": {
            "value": 57.68096947669983,
            "min": 20.42752456665039,
            "max": 4880.526470184326,
            "count": 300
        },
        "LunarLander.Environment.CumulativeReward.mean": {
            "value": 10735.743135977536,
            "min": -20206.598152160645,
            "max": 13210.214254760742,
            "count": 300
        },
        "LunarLander.Environment.CumulativeReward.sum": {
            "value": 85885.94508782029,
            "min": -332659.14849853516,
            "max": 123635.83883953094,
            "count": 300
        },
        "LunarLander.Policy.ExtrinsicReward.mean": {
            "value": 10735.743135977536,
            "min": -20206.598152160645,
            "max": 13210.214254760742,
            "count": 300
        },
        "LunarLander.Policy.ExtrinsicReward.sum": {
            "value": 85885.94508782029,
            "min": -332659.14849853516,
            "max": 123635.83883953094,
            "count": 300
        },
        "LunarLander.IsTraining.mean": {
            "value": 1.0,
            "min": 1.0,
            "max": 1.0,
            "count": 300
        },
        "LunarLander.IsTraining.sum": {
            "value": 1.0,
            "min": 1.0,
            "max": 1.0,
            "count": 300
        },
        "LunarLander.Losses.PolicyLoss.mean": {
            "value": 0.025163496953124802,
            "min": 0.014646816518021903,
            "max": 0.07134701262305801,
            "count": 291
        },
        "LunarLander.Losses.PolicyLoss.sum": {
            "value": 0.025163496953124802,
            "min": 0.014646816518021903,
            "max": 0.07134701262305801,
            "count": 291
        },
        "LunarLander.Losses.ValueLoss.mean": {
            "value": 28710.247916666667,
            "min": 3747.9192057291666,
            "max": 709207.4958333333,
            "count": 291
        },
        "LunarLander.Losses.ValueLoss.sum": {
            "value": 28710.247916666667,
            "min": 3747.9192057291666,
            "max": 709207.4958333333,
            "count": 291
        },
        "LunarLander.Policy.LearningRate.mean": {
            "value": 7.779997406999871e-07,
            "min": 7.779997406999871e-07,
            "max": 0.0002989721003426333,
            "count": 291
        },
        "LunarLander.Policy.LearningRate.sum": {
            "value": 7.779997406999871e-07,
            "min": 7.779997406999871e-07,
            "max": 0.0002989721003426333,
            "count": 291
        },
        "LunarLander.Policy.Epsilon.mean": {
            "value": 0.10025929999999997,
            "min": 0.10025929999999997,
            "max": 0.19965736666666672,
            "count": 291
        },
        "LunarLander.Policy.Epsilon.sum": {
            "value": 0.10025929999999997,
            "min": 0.10025929999999997,
            "max": 0.19965736666666672,
            "count": 291
        },
        "LunarLander.Policy.Beta.mean": {
            "value": 2.2939069999999783e-05,
            "min": 2.2939069999999783e-05,
            "max": 0.0049829025966666675,
            "count": 291
        },
        "LunarLander.Policy.Beta.sum": {
            "value": 2.2939069999999783e-05,
            "min": 2.2939069999999783e-05,
            "max": 0.0049829025966666675,
            "count": 291
        }
    },
    "metadata": {
        "timer_format_version": "0.1.0",
        "start_time_seconds": "1714918874",
        "python_version": "3.9.13 (tags/v3.9.13:6de2ca5, May 17 2022, 16:36:42) [MSC v.1929 64 bit (AMD64)]",
        "command_line_arguments": "G:\\Varun\\CODE\\Final Year Project\\Automated-Lunar-Lander\\venv\\Scripts\\mlagents-learn .\\config\\LunarLander.yaml --run-id finalphase6b --initialize-from finalphase6a",
        "mlagents_version": "0.30.0",
        "mlagents_envs_version": "0.30.0",
        "communication_protocol_version": "1.5.0",
        "pytorch_version": "2.0.1+cu117",
        "numpy_version": "1.21.2",
        "end_time_seconds": "1714924177"
    },
    "total": 5302.8419926,
    "count": 1,
    "self": 0.015376799999103241,
    "children": {
        "run_training.setup": {
            "total": 0.15068030000000032,
            "count": 1,
            "self": 0.15068030000000032
        },
        "TrainerController.start_learning": {
            "total": 5302.6759355,
            "count": 1,
            "self": 4.447168900103861,
            "children": {
                "TrainerController._reset_env": {
                    "total": 11.8406051,
                    "count": 1,
                    "self": 11.8406051
                },
                "TrainerController.advance": {
                    "total": 5286.253519599896,
                    "count": 152812,
                    "self": 3.6824969997878725,
                    "children": {
                        "env_step": {
                            "total": 4180.259170499976,
                            "count": 152812,
                            "self": 2899.328390200003,
                            "children": {
                                "SubprocessEnvManager._take_step": {
                                    "total": 1278.333154999987,
                                    "count": 152812,
                                    "self": 17.730741799983434,
                                    "children": {
                                        "TorchPolicy.evaluate": {
                                            "total": 1260.6024132000036,
                                            "count": 150029,
                                            "self": 1260.6024132000036
                                        }
                                    }
                                },
                                "workers": {
                                    "total": 2.5976252999860634,
                                    "count": 152812,
                                    "self": 0.0,
                                    "children": {
                                        "worker_root": {
                                            "total": 5286.315240700013,