{
    "name": "root",
    "gauges": {
        "LunarLander.Policy.Entropy.mean": {
            "value": 0.6443888545036316,
            "min": 0.042514678090810776,
            "max": 0.6818336248397827,
            "count": 52
        },
        "LunarLander.Policy.Entropy.sum": {
            "value": 32250.373046875,
            "min": 2150.222412109375,
            "max": 34102.58984375,
            "count": 52
        },
        "LunarLander.Environment.EpisodeLength.mean": {
            "value": 384.8139534883721,
            "min": 56.26002290950745,
            "max": 386.36641221374043,
            "count": 52
        },
        "LunarLander.Environment.EpisodeLength.sum": {
            "value": 49641.0,
            "min": 48215.0,
            "max": 51300.0,
            "count": 52
        },
        "LunarLander.Step.mean": {
            "value": 2599997.0,
            "min": 49988.0,
            "max": 2599997.0,
            "count": 52
        },
        "LunarLander.Step.sum": {
            "value": 2599997.0,
            "min": 49988.0,
            "max": 2599997.0,
            "count": 52
        },
        "LunarLander.Policy.ExtrinsicValueEstimate.mean": {
            "value": 312.3857116699219,
            "min": -73.31868743896484,
            "max": 316.55255126953125,
            "count": 52
        },
        "LunarLander.Policy.ExtrinsicValueEstimate.sum": {
            "value": 273025.125,
            "min": -77921.7890625,
            "max": 276350.375,
            "count": 52
        },
        "LunarLander.Environment.CumulativeReward.mean": {
            "value": 1469.6186037821362,
            "min": -152.10421463965153,
            "max": 1487.6396935513912,
            "count": 52
        },
        "LunarLander.Environment.CumulativeReward.sum": {
            "value": 189580.79988789558,
            "min": -128822.20005959272,
            "max": 200685.39997524023,
            "count": 52
        },
        "LunarLander.Policy.ExtrinsicReward.mean": {
            "value": 1469.6186037821362,
            "min": -152.10421463965153,
            "max": 1487.6396935513912,
            "count": 52
        },
        "LunarLander.Policy.ExtrinsicReward.sum": {
            "value": 189580.79988789558,
            "min": -128822.20005959272,
            "max": 200685.39997524023,
            "count": 52
        },
        "LunarLander.Losses.PolicyLoss.mean": {
            "value": 0.026266571081553898,
            "min": 0.021780509216090045,
            "max": 0.02768693808466196,
            "count": 52
        },
        "LunarLander.Losses.PolicyLoss.sum": {
            "value": 0.13133285540776948,
            "min": 0.09469158248975873,
            "max": 0.1361039434404423,
            "count": 52
        },
        "LunarLander.Losses.ValueLoss.mean": {
            "value": 102.35066836039225,
            "min": 97.46308672587077,
            "max": 1823.0644083658856,
            "count": 52
        },
        "LunarLander.Losses.ValueLoss.sum": {
            "value": 511.75334180196126,
            "min": 487.31543362935383,
            "max": 9115.322041829428,
            "count": 52
        },
        "LunarLander.Policy.LearningRate.mean": {
            "value": 0.00022261621979460198,
            "min": 0.00022261621979460198,
            "max": 0.00029922855025715,
            "count": 52
        },
        "LunarLander.Policy.LearningRate.sum": {
            "value": 0.0011130810989730098,
            "min": 0.0009330278089907601,
            "max": 0.0014892127835957397,
            "count": 52
        },
        "LunarLander.Policy.Epsilon.mean": {
            "value": 0.17420539799999998,
            "min": 0.17420539799999998,
            "max": 0.19974285000000006,
            "count": 52
        },
        "LunarLander.Policy.Epsilon.sum": {
            "value": 0.87102699,
            "min": 0.7110092399999999,
            "max": 0.99640426,
            "count": 52
        },
        "LunarLander.Policy.Beta.mean": {
            "value": 0.0037128493602000003,
            "min": 0.0037128493602000003,
            "max": 0.0049871682150000015,
            "count": 52
        },
        "LunarLander.Policy.Beta.sum": {
            "value": 0.018564246801000002,
            "min": 0.015559361076000002,
            "max": 0.024820572574,
            "count": 52
        },
        "LunarLander.IsTraining.mean": {
            "value": 1.0,
            "min": 1.0,
            "max": 1.0,
            "count": 52
        },
        "LunarLander.IsTraining.sum": {
            "value": 1.0,
            "min": 1.0,
            "max": 1.0,
            "count": 52
        }
    },
    "metadata": {
        "timer_format_version": "0.1.0",
        "start_time_seconds": "1708698502",
        "python_version": "3.9.13 (tags/v3.9.13:6de2ca5, May 17 2022, 16:36:42) [MSC v.1929 64 bit (AMD64)]",
        "command_line_arguments": "G:\\Varun\\CODE\\Unity Projects\\RL practice\\venv\\Scripts\\mlagents-learn .\\config\\LunarLander.yaml --run-id verticalTest11 --initialize-from verticalTest10 --force",
        "mlagents_version": "0.30.0",
        "mlagents_envs_version": "0.30.0",
        "communication_protocol_version": "1.5.0",
        "pytorch_version": "2.0.1+cu117",
        "numpy_version": "1.21.2",
        "end_time_seconds": "1708702248"
    },
    "total": 3748.1846020999997,
    "count": 1,
    "self": 0.007145199999285978,
    "children": {
        "run_training.setup": {
            "total": 0.11474760000000028,
            "count": 1,
            "self": 0.11474760000000028
        },
        "TrainerController.start_learning": {
            "total": 3748.0627093000003,
            "count": 1,
            "self": 4.9970069001064985,
            "children": {
                "TrainerController._reset_env": {
                    "total": 13.0538418,
                    "count": 1,
                    "self": 13.0538418
                },
                "TrainerController.advance": {
                    "total": 3729.873914099893,
                    "count": 176212,
                    "self": 4.251830099933613,
                    "children": {
                        "env_step": {
                            "total": 2747.9788055999584,
                            "count": 176212,
                            "self": 1791.5032421999056,
                            "children": {
                                "SubprocessEnvManager._take_step": {
                                    "total": 953.1990685000222,
                                    "count": 176212,
                                    "self": 18.444337900080995,
                                    "children": {
                                        "TorchPolicy.evaluate": {
                                            "total": 934.7547305999412,
                                            "count": 163461,
                                            "self": 934.7547305999412
                                        }
                                    }
                                },
                                "workers": {
                                    "total": 3.2764949000305137,
                                    "count": 176211,
                                    "self": 0.0,
                                    "children": {
                                        "worker_root": {
                                            "total": 3729.307290199966,
                                            "count": 176211,
                                            "is_parallel": true,
                                            "self": 2227.962710199973,
                                            "children": {
                                                "steps_from_proto": {
                                                    "total": 0.0005760999999999683,
                                                    "count": 1,