{
    "name": "root",
    "gauges": {
        "LunarLander.Policy.Entropy.mean": {
            "value": 1.8043391704559326,
            "min": 0.8006118535995483,
            "max": 2.182835817337036,
            "count": 38
        },
        "LunarLander.Policy.Entropy.sum": {
            "value": 18007.3046875,
            "min": 2049.56640625,
            "max": 21653.732421875,
            "count": 38
        },
        "LunarLander.Step.mean": {
            "value": 1419975.0,
            "min": 1049979.0,
            "max": 1419975.0,
            "count": 38
        },
        "LunarLander.Step.sum": {
            "value": 1419975.0,
            "min": 1049979.0,
            "max": 1419975.0,
            "count": 38
        },
        "LunarLander.Policy.ExtrinsicValueEstimate.mean": {
            "value": 1867.1328125,
            "min": 368.53265380859375,
            "max": 2440.354248046875,
            "count": 38
        },
        "LunarLander.Policy.ExtrinsicValueEstimate.sum": {
            "value": 308076.90625,
            "min": 14454.8720703125,
            "max": 383135.625,
            "count": 38
        },
        "LunarLander.IsTraining.mean": {
            "value": 1.0,
            "min": 1.0,
            "max": 1.0,
            "count": 38
        },
        "LunarLander.IsTraining.sum": {
            "value": 1.0,
            "min": 1.0,
            "max": 1.0,
            "count": 38
        },
        "LunarLander.Losses.PolicyLoss.mean": {
            "value": 0.02253172715039303,
            "min": 0.01663597363512963,
            "max": 0.029256534688950828,
            "count": 36
        },
        "LunarLander.Losses.PolicyLoss.sum": {
            "value": 0.02253172715039303,
            "min": 0.01663597363512963,
            "max": 0.029256534688950828,
            "count": 36
        },
        "LunarLander.Losses.ValueLoss.mean": {
            "value": 1728.540877278646,
            "min": 1319.4078491210937,
            "max": 64271.33307291667,
            "count": 36
        },
        "LunarLander.Losses.ValueLoss.sum": {
            "value": 1728.540877278646,
            "min": 1319.4078491210937,
            "max": 64271.33307291667,
            "count": 36
        },
        "LunarLander.Policy.LearningRate.mean": {
            "value": 0.0002290364736545167,
            "min": 0.0002290364736545167,
            "max": 0.00024704666765111664,
            "count": 36
        },
        "LunarLander.Policy.LearningRate.sum": {
            "value": 0.0002290364736545167,
            "min": 0.0002290364736545167,
            "max": 0.00024704666765111664,
            "count": 36
        },
        "LunarLander.Policy.Epsilon.mean": {
            "value": 0.1763454833333334,
            "min": 0.1763454833333334,
            "max": 0.18234888333333335,
            "count": 36
        },
        "LunarLander.Policy.Epsilon.sum": {
            "value": 0.1763454833333334,
            "min": 0.1763454833333334,
            "max": 0.18234888333333335,
            "count": 36
        },
        "LunarLander.Policy.Beta.mean": {
            "value": 0.0038196396183333326,
            "min": 0.0038196396183333326,
            "max": 0.004119209278333333,
            "count": 36
        },
        "LunarLander.Policy.Beta.sum": {
            "value": 0.0038196396183333326,
            "min": 0.0038196396183333326,
            "max": 0.004119209278333333,
            "count": 36
        },
        "LunarLander.Environment.EpisodeLength.mean": {
            "value": 1026.923076923077,
            "min": 478.3333333333333,
            "max": 1177.5,
            "count": 31
        },
        "LunarLander.Environment.EpisodeLength.sum": {
            "value": 13350.0,
            "min": 1435.0,
            "max": 22128.0,
            "count": 31
        },
        "LunarLander.Performance.TargetDeviation.mean": {
            "value": 63.155291043795074,
            "min": 31.72916498184204,
            "max": 99.25273895263672,
            "count": 31
        },
        "LunarLander.Performance.TargetDeviation.sum": {
            "value": 821.0187835693359,
            "min": 93.81399917602539,
            "max": 942.9683036804199,
            "count": 31
        },
        "LunarLander.Environment.CumulativeReward.mean": {
            "value": 20978.165115649885,
            "min": 3178.465517361959,
            "max": 27939.101042866707,
            "count": 31
        },
        "LunarLander.Environment.CumulativeReward.sum": {
            "value": 272716.1465034485,
            "min": 9535.396552085876,
            "max": 474276.8121948242,
            "count": 31
        },
        "LunarLander.Policy.ExtrinsicReward.mean": {
            "value": 20978.165115649885,
            "min": 3178.465517361959,
            "max": 27939.101042866707,
            "count": 31
        },
        "LunarLander.Policy.ExtrinsicReward.sum": {
            "value": 272716.1465034485,
            "min": 9535.396552085876,
            "max": 474276.8121948242,
            "count": 31
        }
    },
    "metadata": {
        "timer_format_version": "0.1.0",
        "start_time_seconds": "1712865799",
        "python_version": "3.9.13 (tags/v3.9.13:6de2ca5, May 17 2022, 16:36:42) [MSC v.1929 64 bit (AMD64)]",
        "command_line_arguments": "G:\\Varun\\CODE\\Final Year Project\\Automated-Lunar-Lander\\venv\\Scripts\\mlagents-learn .\\config\\LunarLander.yaml --run-id newphase2c --resume",
        "mlagents_version": "0.30.0",
        "mlagents_envs_version": "0.30.0",
        "communication_protocol_version": "1.5.0",
        "pytorch_version": "2.0.1+cu117",
        "numpy_version": "1.21.2",
        "end_time_seconds": "1712866363"
    },
    "total": 563.6538780999999,
    "count": 1,
    "self": 0.007250699999872268,
    "children": {
        "run_training.setup": {
            "total": 0.13385539999999985,
            "count": 1,
            "self": 0.13385539999999985
        },
        "TrainerController.start_learning": {
            "total": 563.512772,
            "count": 1,
            "self": 0.5607119000031844,
            "children": {
                "TrainerController._reset_env": {
                    "total": 9.2942237,
                    "count": 1,
                    "self": 9.2942237
                },
                "TrainerController.advance": {
                    "total": 553.3932707999969,
                    "count": 19405,
                    "self": 0.5054828999976735,
                    "children": {
                        "env_step": {
                            "total": 410.3538441000012,
                            "count": 19405,
                            "self": 222.15612260000577,
                            "children": {
                                "SubprocessEnvManager._take_step": {
                                    "total": 187.86959309999526,
                                    "count": 19405,
                                    "self": 2.2664559999959977,
                                    "children": {
                                        "TorchPolicy.evaluate": {
                                            "total": 185.60313709999926,
                                            "count": 19126,
                                            "self": 185.60313709999926
                                        }
                                    }
                                },
                                "workers": {
                                    "total": 0.32812840000018006,
                                    "count": 19405,
                                    "self": 0.0,
                                    "children": {
                                        "worker_root": {
                                            "total": 553.0326071000021,
                                            "count": 19405,