{
    "name": "root",
    "gauges": {
        "LunarLander.Policy.Entropy.mean": {
            "value": 1.8220518827438354,
            "min": 0.9254410862922668,
            "max": 1.963658332824707,
            "count": 271
        },
        "LunarLander.Policy.Entropy.sum": {
            "value": 18329.841796875,
            "min": 7107.3876953125,
            "max": 19793.67578125,
            "count": 271
        },
        "LunarLander.Step.mean": {
            "value": 5999943.0,
            "min": 3299936.0,
            "max": 5999943.0,
            "count": 271
        },
        "LunarLander.Step.sum": {
            "value": 5999943.0,
            "min": 3299936.0,
            "max": 5999943.0,
            "count": 271
        },
        "LunarLander.Policy.ExtrinsicValueEstimate.mean": {
            "value": 491.23773193359375,
            "min": 184.26808166503906,
            "max": 1151.807861328125,
            "count": 271
        },
        "LunarLander.Policy.ExtrinsicValueEstimate.sum": {
            "value": 77615.5625,
            "min": 30957.037109375,
            "max": 159908.46875,
            "count": 271
        },
        "LunarLander.IsTraining.mean": {
            "value": 1.0,
            "min": 1.0,
            "max": 1.0,
            "count": 271
        },
        "LunarLander.IsTraining.sum": {
            "value": 1.0,
            "min": 1.0,
            "max": 1.0,
            "count": 271
        },
        "LunarLander.Losses.PolicyLoss.mean": {
            "value": 0.021579977365521093,
            "min": 0.012053627736167982,
            "max": 0.033760477680092056,
            "count": 263
        },
        "LunarLander.Losses.PolicyLoss.sum": {
            "value": 0.021579977365521093,
            "min": 0.012053627736167982,
            "max": 0.033760477680092056,
            "count": 263
        },
        "LunarLander.Losses.ValueLoss.mean": {
            "value": 4164.377026367188,
            "min": 1735.6072062174478,
            "max": 9231.72509765625,
            "count": 263
        },
        "LunarLander.Losses.ValueLoss.sum": {
            "value": 4164.377026367188,
            "min": 1735.6072062174478,
            "max": 9231.72509765625,
            "count": 263
        },
        "LunarLander.Policy.LearningRate.mean": {
            "value": 8.839997056665228e-08,
            "min": 8.839997056665228e-08,
            "max": 0.000134808055064,
            "count": 263
        },
        "LunarLander.Policy.LearningRate.sum": {
            "value": 8.839997056665228e-08,
            "min": 8.839997056665228e-08,
            "max": 0.000134808055064,
            "count": 263
        },
        "LunarLander.Policy.Epsilon.mean": {
            "value": 0.10002943333333333,
            "min": 0.10002943333333333,
            "max": 0.144936,
            "count": 263
        },
        "LunarLander.Policy.Epsilon.sum": {
            "value": 0.10002943333333333,
            "min": 0.10002943333333333,
            "max": 0.144936,
            "count": 263
        },
        "LunarLander.Policy.Beta.mean": {
            "value": 1.1468723333333098e-05,
            "min": 1.1468723333333098e-05,
            "max": 0.0022523064,
            "count": 263
        },
        "LunarLander.Policy.Beta.sum": {
            "value": 1.1468723333333098e-05,
            "min": 1.1468723333333098e-05,
            "max": 0.0022523064,
            "count": 263
        },
        "LunarLander.Environment.EpisodeLength.mean": {
            "value": 1023.1666666666666,
            "min": 822.5,
            "max": 1072.6666666666667,
            "count": 270
        },
        "LunarLander.Environment.EpisodeLength.sum": {
            "value": 6139.0,
            "min": 949.0,
            "max": 18726.0,
            "count": 270
        },
        "LunarLander.Performance.TargetDeviation.mean": {
            "value": 27.434688886006672,
            "min": 9.766176223754883,
            "max": 63.54041748046875,
            "count": 270
        },
        "LunarLander.Performance.TargetDeviation.sum": {
            "value": 164.60813331604004,
            "min": 41.55366134643555,
            "max": 811.3130588531494,
            "count": 270
        },
        "LunarLander.Environment.CumulativeReward.mean": {
            "value": 3860.7129287719727,
            "min": -17.933370232582092,
            "max": 6321.88779258728,
            "count": 270
        },
        "LunarLander.Environment.CumulativeReward.sum": {
            "value": 23164.277572631836,
            "min": -71.73348093032837,
            "max": 82541.30797576904,
            "count": 270
        },
        "LunarLander.Policy.ExtrinsicReward.mean": {
            "value": 3860.7129287719727,
            "min": -17.933370232582092,
            "max": 6321.88779258728,
            "count": 270
        },
        "LunarLander.Policy.ExtrinsicReward.sum": {
            "value": 23164.277572631836,
            "min": -71.73348093032837,
            "max": 82541.30797576904,
            "count": 270
        }
    },
    "metadata": {
        "timer_format_version": "0.1.0",
        "start_time_seconds": "1712857312",
        "python_version": "3.9.13 (tags/v3.9.13:6de2ca5, May 17 2022, 16:36:42) [MSC v.1929 64 bit (AMD64)]",
        "command_line_arguments": "G:\\Varun\\CODE\\Final Year Project\\Automated-Lunar-Lander\\venv\\Scripts\\mlagents-learn .\\config\\LunarLander.yaml --run-id newphase2b --resume",
        "mlagents_version": "0.30.0",
        "mlagents_envs_version": "0.30.0",
        "communication_protocol_version": "1.5.0",
        "pytorch_version": "2.0.1+cu117",
        "numpy_version": "1.21.2",
        "end_time_seconds": "1712861305"
    },
    "total": 3993.6546164,
    "count": 1,
    "self": 0.010138100000403938,
    "children": {
        "run_training.setup": {
            "total": 0.14580059999999984,
            "count": 1,
            "self": 0.14580059999999984
        },
        "TrainerController.start_learning": {
            "total": 3993.4986777,
            "count": 1,
            "self": 3.888402999947175,
            "children": {
                "TrainerController._reset_env": {
                    "total": 9.734338600000001,
                    "count": 1,
                    "self": 9.734338600000001
                },
                "TrainerController.advance": {
                    "total": 3979.745019800053,
                    "count": 137510,
                    "self": 3.3635680000402317,
                    "children": {
                        "env_step": {
                            "total": 2996.643006300087,
                            "count": 137510,
                            "self": 1703.5405031999367,
                            "children": {
                                "SubprocessEnvManager._take_step": {
                                    "total": 1290.7386509001014,
                                    "count": 137510,
                                    "self": 15.588610300073242,
                                    "children": {
                                        "TorchPolicy.evaluate": {
                                            "total": 1275.1500406000282,
                                            "count": 135415,
                                            "self": 1275.1500406000282
                                        }
                                    }
                                },
                                "workers": {
                                    "total": 2.3638522000489974,
                                    "count": 137510,
                                    "self": 0.0,
                                    "children": {
                                        "worker_root": {
                                            "total": 3979.252634799982,
                                            "count": 137510,