{
    "name": "root",
    "gauges": {
        "LunarLander.Policy.Entropy.mean": {
            "value": 1.9544788599014282,
            "min": 1.669676661491394,
            "max": 2.3269851207733154,
            "count": 300
        },
        "LunarLander.Policy.Entropy.sum": {
            "value": 19701.146484375,
            "min": 16596.5859375,
            "max": 23251.91796875,
            "count": 300
        },
        "LunarLander.Environment.EpisodeLength.mean": {
            "value": 844.7777777777778,
            "min": 0.0,
            "max": 1164.4,
            "count": 300
        },
        "LunarLander.Environment.EpisodeLength.sum": {
            "value": 7603.0,
            "min": 0.0,
            "max": 15830.0,
            "count": 300
        },
        "LunarLander.Step.mean": {
            "value": 2999987.0,
            "min": 9989.0,
            "max": 2999987.0,
            "count": 300
        },
        "LunarLander.Step.sum": {
            "value": 2999987.0,
            "min": 9989.0,
            "max": 2999987.0,
            "count": 300
        },
        "LunarLander.Policy.ExtrinsicValueEstimate.mean": {
            "value": 1734.2939453125,
            "min": 692.2401733398438,
            "max": 2100.709716796875,
            "count": 300
        },
        "LunarLander.Policy.ExtrinsicValueEstimate.sum": {
            "value": 280955.625,
            "min": 111450.671875,
            "max": 336113.5625,
            "count": 300
        },
        "LunarLander.Environment.CumulativeReward.mean": {
            "value": 17479.166390313043,
            "min": -0.00033333332976326346,
            "max": 24348.40163675944,
            "count": 300
        },
        "LunarLander.Environment.CumulativeReward.sum": {
            "value": 157312.49751281738,
            "min": -0.0016666666488163173,
            "max": 311298.01327228546,
            "count": 300
        },
        "LunarLander.Policy.ExtrinsicReward.mean": {
            "value": 17479.166390313043,
            "min": -0.00033333332976326346,
            "max": 24348.40163675944,
            "count": 300
        },
        "LunarLander.Policy.ExtrinsicReward.sum": {
            "value": 157312.49751281738,
            "min": -0.0016666666488163173,
            "max": 311298.01327228546,
            "count": 300
        },
        "LunarLander.IsTraining.mean": {
            "value": 1.0,
            "min": 1.0,
            "max": 1.0,
            "count": 300
        },
        "LunarLander.IsTraining.sum": {
            "value": 1.0,
            "min": 1.0,
            "max": 1.0,
            "count": 300
        },
        "LunarLander.Losses.PolicyLoss.mean": {
            "value": 0.02747022268983225,
            "min": 0.014528300809130694,
            "max": 0.031387401814572516,
            "count": 291
        },
        "LunarLander.Losses.PolicyLoss.sum": {
            "value": 0.02747022268983225,
            "min": 0.014528300809130694,
            "max": 0.031387401814572516,
            "count": 291
        },
        "LunarLander.Losses.ValueLoss.mean": {
            "value": 6647.7374267578125,
            "min": 2269.7486857096355,
            "max": 20249.663346354166,
            "count": 291
        },
        "LunarLander.Losses.ValueLoss.sum": {
            "value": 6647.7374267578125,
            "min": 2269.7486857096355,
            "max": 20249.663346354166,
            "count": 291
        },
        "LunarLander.Policy.LearningRate.mean": {
            "value": 8.745997085000003e-07,
            "min": 8.745997085000003e-07,
            "max": 0.0002989755003415001,
            "count": 291
        },
        "LunarLander.Policy.LearningRate.sum": {
            "value": 8.745997085000003e-07,
            "min": 8.745997085000003e-07,
            "max": 0.0002989755003415001,
            "count": 291
        },
        "LunarLander.Policy.Epsilon.mean": {
            "value": 0.1002915,
            "min": 0.1002915,
            "max": 0.19965850000000002,
            "count": 291
        },
        "LunarLander.Policy.Epsilon.sum": {
            "value": 0.1002915,
            "min": 0.1002915,
            "max": 0.19965850000000002,
            "count": 291
        },
        "LunarLander.Policy.Beta.mean": {
            "value": 2.454585000000001e-05,
            "min": 2.454585000000001e-05,
            "max": 0.004982959149999999,
            "count": 291
        },
        "LunarLander.Policy.Beta.sum": {
            "value": 2.454585000000001e-05,
            "min": 2.454585000000001e-05,
            "max": 0.004982959149999999,
            "count": 291
        }
    },
    "metadata": {
        "timer_format_version": "0.1.0",
        "start_time_seconds": "1712601712",
        "python_version": "3.9.13 (tags/v3.9.13:6de2ca5, May 17 2022, 16:36:42) [MSC v.1929 64 bit (AMD64)]",
        "command_line_arguments": "G:\\Varun\\CODE\\Final Year Project\\Automated-Lunar-Lander\\venv\\Scripts\\mlagents-learn .\\config\\LunarLander.yaml --run-id phase2b --initialize-from phase2a",
        "mlagents_version": "0.30.0",
        "mlagents_envs_version": "0.30.0",
        "communication_protocol_version": "1.5.0",
        "pytorch_version": "2.0.1+cu117",
        "numpy_version": "1.21.2",
        "end_time_seconds": "1712606097"
    },
    "total": 4385.237357800001,
    "count": 1,
    "self": 0.012465300001167634,
    "children": {
        "run_training.setup": {
            "total": 0.11222069999999995,
            "count": 1,
            "self": 0.11222069999999995
        },
        "TrainerController.start_learning": {
            "total": 4385.1126718,
            "count": 1,
            "self": 4.43755830002101,
            "children": {
                "TrainerController._reset_env": {
                    "total": 8.2000821,
                    "count": 1,
                    "self": 8.2000821
                },
                "TrainerController.advance": {
                    "total": 4372.329797399979,
                    "count": 152786,
                    "self": 3.750576899954467,
                    "children": {
                        "env_step": {
                            "total": 3245.5447069000165,
                            "count": 152786,
                            "self": 1847.647537700123,
                            "children": {
                                "SubprocessEnvManager._take_step": {
                                    "total": 1395.329703599944,
                                    "count": 152786,
                                    "self": 17.53809499989552,
                                    "children": {
                                        "TorchPolicy.evaluate": {
                                            "total": 1377.7916086000484,
                                            "count": 150031,
                                            "self": 1377.7916086000484
                                        }
                                    }
                                },
                                "workers": {
                                    "total": 2.5674655999495446,
                                    "count": 152786,
                                    "self": 0.0,
                                    "children": {
                                        "worker_root": {
                                            "total": 4371.686296599984,
                                            "count": 152786,
                                            "is_parallel": true,
                                            "self": 2818.55986619995,
                                            "children": {
                                                "steps_from_proto": {
                                                    "total": 0.0009369000000001293,
                                                    "count": 1,