{
    "name": "root",
    "gauges": {
        "LunarLander.Policy.Entropy.mean": {
            "value": 1.9372280836105347,
            "min": 1.8704136610031128,
            "max": 2.247945547103882,
            "count": 296
        },
        "LunarLander.Policy.Entropy.sum": {
            "value": 19217.302734375,
            "min": 8018.59423828125,
            "max": 22639.189453125,
            "count": 296
        },
        "LunarLander.Step.mean": {
            "value": 5999955.0,
            "min": 3049944.0,
            "max": 5999955.0,
            "count": 296
        },
        "LunarLander.Step.sum": {
            "value": 5999955.0,
            "min": 3049944.0,
            "max": 5999955.0,
            "count": 296
        },
        "LunarLander.Policy.ExtrinsicValueEstimate.mean": {
            "value": 798.625,
            "min": 321.8329772949219,
            "max": 812.9705810546875,
            "count": 296
        },
        "LunarLander.Policy.ExtrinsicValueEstimate.sum": {
            "value": 131773.125,
            "min": 28834.396484375,
            "max": 133327.171875,
            "count": 296
        },
        "LunarLander.IsTraining.mean": {
            "value": 1.0,
            "min": 1.0,
            "max": 1.0,
            "count": 296
        },
        "LunarLander.IsTraining.sum": {
            "value": 1.0,
            "min": 1.0,
            "max": 1.0,
            "count": 296
        },
        "LunarLander.Environment.EpisodeLength.mean": {
            "value": 523.1111111111111,
            "min": 248.76315789473685,
            "max": 560.421052631579,
            "count": 295
        },
        "LunarLander.Environment.EpisodeLength.sum": {
            "value": 9416.0,
            "min": 7511.0,
            "max": 12136.0,
            "count": 295
        },
        "LunarLander.Performance.TargetDeviation.mean": {
            "value": 73.91490893363952,
            "min": 13.579976489377577,
            "max": 90.51760964644582,
            "count": 295
        },
        "LunarLander.Performance.TargetDeviation.sum": {
            "value": 1478.2981786727905,
            "min": 430.83690798282623,
            "max": 1719.8345832824707,
            "count": 295
        },
        "LunarLander.Environment.CumulativeReward.mean": {
            "value": 5183.495804574754,
            "min": 1272.709265716374,
            "max": 5460.678945373086,
            "count": 295
        },
        "LunarLander.Environment.CumulativeReward.sum": {
            "value": 93302.92448234558,
            "min": 40726.696502923965,
            "max": 107226.43704330921,
            "count": 295
        },
        "LunarLander.Policy.ExtrinsicReward.mean": {
            "value": 5183.495804574754,
            "min": 1272.709265716374,
            "max": 5460.678945373086,
            "count": 295
        },
        "LunarLander.Policy.ExtrinsicReward.sum": {
            "value": 93302.92448234558,
            "min": 40726.696502923965,
            "max": 107226.43704330921,
            "count": 295
        },
        "LunarLander.Losses.PolicyLoss.mean": {
            "value": 0.02329658992239274,
            "min": 0.012889919012256239,
            "max": 0.03414788167380418,
            "count": 287
        },
        "LunarLander.Losses.PolicyLoss.sum": {
            "value": 0.02329658992239274,
            "min": 0.012889919012256239,
            "max": 0.03414788167380418,
            "count": 287
        },
        "LunarLander.Losses.ValueLoss.mean": {
            "value": 2506.927913411458,
            "min": 1290.4374430338542,
            "max": 23781.266373697916,
            "count": 287
        },
        "LunarLander.Losses.ValueLoss.sum": {
            "value": 2506.927913411458,
            "min": 1290.4374430338542,
            "max": 23781.266373697916,
            "count": 287
        },
        "LunarLander.Policy.LearningRate.mean": {
            "value": 1.160999613333272e-07,
            "min": 1.160999613333272e-07,
            "max": 0.0001471297009567833,
            "count": 287
        },
        "LunarLander.Policy.LearningRate.sum": {
            "value": 1.160999613333272e-07,
            "min": 1.160999613333272e-07,
            "max": 0.0001471297009567833,
            "count": 287
        },
        "LunarLander.Policy.Epsilon.mean": {
            "value": 0.10003866666666669,
            "min": 0.10003866666666669,
            "max": 0.14904321666666667,
            "count": 287
        },
        "LunarLander.Policy.Epsilon.sum": {
            "value": 0.10003866666666669,
            "min": 0.10003866666666669,
            "max": 0.14904321666666667,
            "count": 287
        },
        "LunarLander.Policy.Beta.mean": {
            "value": 1.1929466666666565e-05,
            "min": 1.1929466666666565e-05,
            "max": 0.0024572565116666675,
            "count": 287
        },
        "LunarLander.Policy.Beta.sum": {
            "value": 1.1929466666666565e-05,
            "min": 1.1929466666666565e-05,
            "max": 0.0024572565116666675,
            "count": 287
        }
    },
    "metadata": {
        "timer_format_version": "0.1.0",
        "start_time_seconds": "1713878199",
        "python_version": "3.9.13 (tags/v3.9.13:6de2ca5, May 17 2022, 16:36:42) [MSC v.1929 64 bit (AMD64)]",
        "command_line_arguments": "G:\\Varun\\CODE\\Final Year Project\\Automated-Lunar-Lander\\venv\\Scripts\\mlagents-learn .\\config\\LunarLander.yaml --run-id finalphase1a --resume",
        "mlagents_version": "0.30.0",
        "mlagents_envs_version": "0.30.0",
        "communication_protocol_version": "1.5.0",
        "pytorch_version": "2.0.1+cu117",
        "numpy_version": "1.21.2",
        "end_time_seconds": "1713882260"
    },
    "total": 4060.9817164,
    "count": 1,
    "self": 0.025743200000306388,
    "children": {
        "run_training.setup": {
            "total": 0.1558357000000008,
            "count": 1,
            "self": 0.1558357000000008
        },
        "TrainerController.start_learning": {
            "total": 4060.8001375,
            "count": 1,
            "self": 4.173031900079877,
            "children": {
                "TrainerController._reset_env": {
                    "total": 9.4583273,
                    "count": 1,
                    "self": 9.4583273
                },
                "TrainerController.advance": {
                    "total": 4047.0336282999206,
                    "count": 153659,
                    "self": 3.773170199807282,
                    "children": {
                        "env_step": {
                            "total": 2979.046000000027,
                            "count": 153659,
                            "self": 1630.646413200084,
                            "children": {
                                "SubprocessEnvManager._take_step": {
                                    "total": 1345.8449138000324,
                                    "count": 153659,
                                    "self": 17.34288240001888,
                                    "children": {
                                        "TorchPolicy.evaluate": {
                                            "total": 1328.5020314000135,
                                            "count": 147674,
                                            "self": 1328.5020314000135
                                        }
                                    }
                                },
                                "workers": {
                                    "total": 2.5546729999107,
                                    "count": 153659,
                                    "self": 0.0,
                                    "children": {
                                        "worker_root": {
                                            "total": 4048.008082199935,
                                            "count": 153659,