{
    "name": "root",
    "gauges": {
        "LunarLander.Policy.Entropy.mean": {
            "value": 1.9011279344558716,
            "min": 1.2633153200149536,
            "max": 2.5666892528533936,
            "count": 600
        },
        "LunarLander.Policy.Entropy.sum": {
            "value": 18821.166015625,
            "min": 13340.609375,
            "max": 25923.560546875,
            "count": 600
        },
        "LunarLander.Step.mean": {
            "value": 5999969.0,
            "min": 9952.0,
            "max": 5999969.0,
            "count": 600
        },
        "LunarLander.Step.sum": {
            "value": 5999969.0,
            "min": 9952.0,
            "max": 5999969.0,
            "count": 600
        },
        "LunarLander.Policy.ExtrinsicValueEstimate.mean": {
            "value": 1269.455078125,
            "min": -809.0370483398438,
            "max": 1336.806396484375,
            "count": 600
        },
        "LunarLander.Policy.ExtrinsicValueEstimate.sum": {
            "value": 209460.078125,
            "min": -166187.625,
            "max": 216562.640625,
            "count": 600
        },
        "LunarLander.Environment.EpisodeLength.mean": {
            "value": 657.5625,
            "min": 140.3943661971831,
            "max": 689.8461538461538,
            "count": 600
        },
        "LunarLander.Environment.EpisodeLength.sum": {
            "value": 10521.0,
            "min": 5513.0,
            "max": 13119.0,
            "count": 600
        },
        "LunarLander.Performance.TargetDeviation.mean": {
            "value": 7.790506973862648,
            "min": 0.7233391544040368,
            "max": 70.17328522205352,
            "count": 600
        },
        "LunarLander.Performance.TargetDeviation.sum": {
            "value": 124.64811158180237,
            "min": 70.88723713159561,
            "max": 3321.5811443328857,
            "count": 600
        },
        "LunarLander.Environment.CumulativeReward.mean": {
            "value": 10367.907103538513,
            "min": -4713.920827335782,
            "max": 11049.359922027588,
            "count": 600
        },
        "LunarLander.Environment.CumulativeReward.sum": {
            "value": 165886.5136566162,
            "min": -221119.09658432007,
            "max": 199332.55783081055,
            "count": 600
        },
        "LunarLander.Policy.ExtrinsicReward.mean": {
            "value": 10367.907103538513,
            "min": -4713.920827335782,
            "max": 11049.359922027588,
            "count": 600
        },
        "LunarLander.Policy.ExtrinsicReward.sum": {
            "value": 165886.5136566162,
            "min": -221119.09658432007,
            "max": 199332.55783081055,
            "count": 600
        },
        "LunarLander.IsTraining.mean": {
            "value": 1.0,
            "min": 1.0,
            "max": 1.0,
            "count": 600
        },
        "LunarLander.IsTraining.sum": {
            "value": 1.0,
            "min": 1.0,
            "max": 1.0,
            "count": 600
        },
        "LunarLander.Losses.PolicyLoss.mean": {
            "value": 0.020291538156258563,
            "min": 0.014356704413269956,
            "max": 0.03513905161526054,
            "count": 583
        },
        "LunarLander.Losses.PolicyLoss.sum": {
            "value": 0.020291538156258563,
            "min": 0.014356704413269956,
            "max": 0.03513905161526054,
            "count": 583
        },
        "LunarLander.Losses.ValueLoss.mean": {
            "value": 2340.759318033854,
            "min": 1703.0349243164062,
            "max": 161651.23450520833,
            "count": 583
        },
        "LunarLander.Losses.ValueLoss.sum": {
            "value": 2340.759318033854,
            "min": 1703.0349243164062,
            "max": 161651.23450520833,
            "count": 583
        },
        "LunarLander.Policy.LearningRate.mean": {
            "value": 3.162498946166594e-07,
            "min": 3.162498946166594e-07,
            "max": 0.00029948640017119995,
            "count": 583
        },
        "LunarLander.Policy.LearningRate.sum": {
            "value": 3.162498946166594e-07,
            "min": 3.162498946166594e-07,
            "max": 0.00029948640017119995,
            "count": 583
        },
        "LunarLander.Policy.Epsilon.mean": {
            "value": 0.10010538333333331,
            "min": 0.10010538333333331,
            "max": 0.19982879999999995,
            "count": 583
        },
        "LunarLander.Policy.Epsilon.sum": {
            "value": 0.10010538333333331,
            "min": 0.10010538333333331,
            "max": 0.19982879999999995,
            "count": 583
        },
        "LunarLander.Policy.Beta.mean": {
            "value": 1.5258628333333213e-05,
            "min": 1.5258628333333213e-05,
            "max": 0.004991457119999998,
            "count": 583
        },
        "LunarLander.Policy.Beta.sum": {
            "value": 1.5258628333333213e-05,
            "min": 1.5258628333333213e-05,
            "max": 0.004991457119999998,
            "count": 583
        }
    },
    "metadata": {
        "timer_format_version": "0.1.0",
        "start_time_seconds": "1714297219",
        "python_version": "3.9.13 (tags/v3.9.13:6de2ca5, May 17 2022, 16:36:42) [MSC v.1929 64 bit (AMD64)]",
        "command_line_arguments": "G:\\Varun\\CODE\\Final Year Project\\Automated-Lunar-Lander\\venv\\Scripts\\mlagents-learn .\\config\\LunarLander.yaml --run-id finalphase4b",
        "mlagents_version": "0.30.0",
        "mlagents_envs_version": "0.30.0",
        "communication_protocol_version": "1.5.0",
        "pytorch_version": "2.0.1+cu117",
        "numpy_version": "1.21.2",
        "end_time_seconds": "1714306865"
    },
    "total": 9646.037194300001,
    "count": 1,
    "self": 0.03117500000189466,
    "children": {
        "run_training.setup": {
            "total": 0.21690020000000043,
            "count": 1,
            "self": 0.21690020000000043
        },
        "TrainerController.start_learning": {
            "total": 9645.7891191,
            "count": 1,
            "self": 10.456113299989738,
            "children": {
                "TrainerController._reset_env": {
                    "total": 7.347290999999999,
                    "count": 1,
                    "self": 7.347290999999999
                },
                "TrainerController.advance": {
                    "total": 9627.818648300008,
                    "count": 313586,
                    "self": 9.085535900025207,
                    "children": {
                        "env_step": {
                            "total": 7194.1842462001205,
                            "count": 313586,
                            "self": 4103.815300900141,
                            "children": {
                                "SubprocessEnvManager._take_step": {
                                    "total": 3084.1118374002244,
                                    "count": 313586,
                                    "self": 39.144188600050256,
                                    "children": {
                                        "TorchPolicy.evaluate": {
                                            "total": 3044.967648800174,
                                            "count": 300026,
                                            "self": 3044.967648800174
                                        }
                                    }
                                },
                                "workers": {
                                    "total": 6.257107899755379,
                                    "count": 313586,
                                    "self": 0.0,
                                    "children": {
                                        "worker_root": {
                                            "total": 9625.781953900005,