{
    "name": "root",
    "gauges": {
        "LunarLander.Policy.Entropy.mean": {
            "value": 1.984829306602478,
            "min": 0.8928387761116028,
            "max": 2.4804279804229736,
            "count": 600
        },
        "LunarLander.Policy.Entropy.sum": {
            "value": 19729.203125,
            "min": 9446.234375,
            "max": 24784.91015625,
            "count": 600
        },
        "LunarLander.Step.mean": {
            "value": 5999936.0,
            "min": 9936.0,
            "max": 5999936.0,
            "count": 600
        },
        "LunarLander.Step.sum": {
            "value": 5999936.0,
            "min": 9936.0,
            "max": 5999936.0,
            "count": 600
        },
        "LunarLander.Policy.ExtrinsicValueEstimate.mean": {
            "value": 1181.1405029296875,
            "min": -1947.3004150390625,
            "max": 1251.835693359375,
            "count": 600
        },
        "LunarLander.Policy.ExtrinsicValueEstimate.sum": {
            "value": 187801.34375,
            "min": -313515.375,
            "max": 202797.375,
            "count": 600
        },
        "LunarLander.Environment.EpisodeLength.mean": {
            "value": 1103.111111111111,
            "min": 245.66666666666666,
            "max": 1199.0,
            "count": 600
        },
        "LunarLander.Environment.EpisodeLength.sum": {
            "value": 9928.0,
            "min": 2948.0,
            "max": 17829.0,
            "count": 600
        },
        "LunarLander.Performance.TargetDeviation.mean": {
            "value": 3.5769903659820557,
            "min": 3.117939372857412,
            "max": 444.39532220363617,
            "count": 599
        },
        "LunarLander.Performance.TargetDeviation.sum": {
            "value": 28.615922927856445,
            "min": 10.206758975982666,
            "max": 3551.3766038417816,
            "count": 599
        },
        "LunarLander.Environment.CumulativeReward.mean": {
            "value": 13123.325344509549,
            "min": -33797.23132324219,
            "max": 16881.468002319336,
            "count": 600
        },
        "LunarLander.Environment.CumulativeReward.sum": {
            "value": 118109.92810058594,
            "min": -399599.52494621277,
            "max": 198181.2515554428,
            "count": 600
        },
        "LunarLander.Policy.ExtrinsicReward.mean": {
            "value": 13123.325344509549,
            "min": -33797.23132324219,
            "max": 16881.468002319336,
            "count": 600
        },
        "LunarLander.Policy.ExtrinsicReward.sum": {
            "value": 118109.92810058594,
            "min": -399599.52494621277,
            "max": 198181.2515554428,
            "count": 600
        },
        "LunarLander.IsTraining.mean": {
            "value": 1.0,
            "min": 1.0,
            "max": 1.0,
            "count": 600
        },
        "LunarLander.IsTraining.sum": {
            "value": 1.0,
            "min": 1.0,
            "max": 1.0,
            "count": 600
        },
        "LunarLander.Losses.PolicyLoss.mean": {
            "value": 0.018519508431199937,
            "min": 0.014853326152660884,
            "max": 0.042860868823481724,
            "count": 583
        },
        "LunarLander.Losses.PolicyLoss.sum": {
            "value": 0.018519508431199937,
            "min": 0.014853326152660884,
            "max": 0.042860868823481724,
            "count": 583
        },
        "LunarLander.Losses.ValueLoss.mean": {
            "value": 2511.2023803710936,
            "min": 1867.3753377278647,
            "max": 5390399.408333333,
            "count": 583
        },
        "LunarLander.Losses.ValueLoss.sum": {
            "value": 2511.2023803710936,
            "min": 1867.3753377278647,
            "max": 5390399.408333333,
            "count": 583
        },
        "LunarLander.Policy.LearningRate.mean": {
            "value": 2.938999020666663e-07,
            "min": 2.938999020666663e-07,
            "max": 0.000299484000172,
            "count": 583
        },
        "LunarLander.Policy.LearningRate.sum": {
            "value": 2.938999020666663e-07,
            "min": 2.938999020666663e-07,
            "max": 0.000299484000172,
            "count": 583
        },
        "LunarLander.Policy.Epsilon.mean": {
            "value": 0.1000979333333333,
            "min": 0.1000979333333333,
            "max": 0.19982800000000003,
            "count": 583
        },
        "LunarLander.Policy.Epsilon.sum": {
            "value": 0.1000979333333333,
            "min": 0.1000979333333333,
            "max": 0.19982800000000003,
            "count": 583
        },
        "LunarLander.Policy.Beta.mean": {
            "value": 1.4886873333333326e-05,
            "min": 1.4886873333333326e-05,
            "max": 0.004991417199999998,
            "count": 583
        },
        "LunarLander.Policy.Beta.sum": {
            "value": 1.4886873333333326e-05,
            "min": 1.4886873333333326e-05,
            "max": 0.004991417199999998,
            "count": 583
        }
    },
    "metadata": {
        "timer_format_version": "0.1.0",
        "start_time_seconds": "1714202310",
        "python_version": "3.9.13 (tags/v3.9.13:6de2ca5, May 17 2022, 16:36:42) [MSC v.1929 64 bit (AMD64)]",
        "command_line_arguments": "G:\\Varun\\CODE\\Final Year Project\\Automated-Lunar-Lander\\venv\\Scripts\\mlagents-learn .\\config\\LunarLander.yaml --run-id finalphase3d --initialize-from finalphase3c",
        "mlagents_version": "0.30.0",
        "mlagents_envs_version": "0.30.0",
        "communication_protocol_version": "1.5.0",
        "pytorch_version": "2.0.1+cu117",
        "numpy_version": "1.21.2",
        "end_time_seconds": "1714212309"
    },
    "total": 9999.5026597,
    "count": 1,
    "self": 0.015873799999098992,
    "children": {
        "run_training.setup": {
            "total": 0.34145000000000003,
            "count": 1,
            "self": 0.34145000000000003
        },
        "TrainerController.start_learning": {
            "total": 9999.1453359,
            "count": 1,
            "self": 10.448795299744233,
            "children": {
                "TrainerController._reset_env": {
                    "total": 8.991444600000001,
                    "count": 1,
                    "self": 8.991444600000001
                },
                "TrainerController.advance": {
                    "total": 9979.560391200257,
                    "count": 304897,
                    "self": 9.840396500167117,
                    "children": {
                        "env_step": {
                            "total": 7472.90482230008,
                            "count": 304897,
                            "self": 4231.651349299735,
                            "children": {
                                "SubprocessEnvManager._take_step": {
                                    "total": 3234.867778500119,
                                    "count": 304897,
                                    "self": 41.04761179987145,
                                    "children": {
                                        "TorchPolicy.evaluate": {
                                            "total": 3193.8201667002477,
                                            "count": 300033,
                                            "self": 3193.8201667002477
                                        }
                                    }
                                },
                                "workers": {
                                    "total": 6.385694500226119,
                                    "count": 304897,
                                    "self": 0.0,
                                    "children": {
                                        "worker_root": {
                                            "total": 9977.145897299706,