{
    "name": "root",
    "gauges": {
        "LunarLander.Policy.Entropy.mean": {
            "value": 1.5623100996017456,
            "min": 0.5293763279914856,
            "max": 2.119101047515869,
            "count": 237
        },
        "LunarLander.Policy.Entropy.sum": {
            "value": 15748.0859375,
            "min": 677.6016845703125,
            "max": 21220.927734375,
            "count": 237
        },
        "LunarLander.Step.mean": {
            "value": 5999974.0,
            "min": 3639983.0,
            "max": 5999974.0,
            "count": 237
        },
        "LunarLander.Step.sum": {
            "value": 5999974.0,
            "min": 3639983.0,
            "max": 5999974.0,
            "count": 237
        },
        "LunarLander.Policy.ExtrinsicValueEstimate.mean": {
            "value": 965.11474609375,
            "min": 761.8462524414062,
            "max": 1141.617431640625,
            "count": 237
        },
        "LunarLander.Policy.ExtrinsicValueEstimate.sum": {
            "value": 156348.59375,
            "min": 8699.0341796875,
            "max": 180254.53125,
            "count": 237
        },
        "LunarLander.IsTraining.mean": {
            "value": 1.0,
            "min": 1.0,
            "max": 1.0,
            "count": 237
        },
        "LunarLander.IsTraining.sum": {
            "value": 1.0,
            "min": 1.0,
            "max": 1.0,
            "count": 237
        },
        "LunarLander.Environment.EpisodeLength.mean": {
            "value": 983.6428571428571,
            "min": 514.0,
            "max": 1019.6923076923077,
            "count": 236
        },
        "LunarLander.Environment.EpisodeLength.sum": {
            "value": 13771.0,
            "min": 514.0,
            "max": 18373.0,
            "count": 236
        },
        "LunarLander.Performance.TargetDeviation.mean": {
            "value": 20.75299279178892,
            "min": 12.014584806230333,
            "max": 64.56593746609158,
            "count": 236
        },
        "LunarLander.Performance.TargetDeviation.sum": {
            "value": 290.54189908504486,
            "min": 53.04604721069336,
            "max": 1013.2532749176025,
            "count": 236
        },
        "LunarLander.Environment.CumulativeReward.mean": {
            "value": 11146.124325238741,
            "min": 2506.563291311264,
            "max": 11554.449764251709,
            "count": 236
        },
        "LunarLander.Environment.CumulativeReward.sum": {
            "value": 144899.61622810364,
            "min": 2506.563291311264,
            "max": 201089.5704574585,
            "count": 236
        },
        "LunarLander.Policy.ExtrinsicReward.mean": {
            "value": 11146.124325238741,
            "min": 2506.563291311264,
            "max": 11554.449764251709,
            "count": 236
        },
        "LunarLander.Policy.ExtrinsicReward.sum": {
            "value": 144899.61622810364,
            "min": 2506.563291311264,
            "max": 201089.5704574585,
            "count": 236
        },
        "LunarLander.Losses.PolicyLoss.mean": {
            "value": 0.0204207421396859,
            "min": 0.014804369203435879,
            "max": 0.03530968974033991,
            "count": 229
        },
        "LunarLander.Losses.PolicyLoss.sum": {
            "value": 0.0204207421396859,
            "min": 0.014804369203435879,
            "max": 0.03530968974033991,
            "count": 229
        },
        "LunarLander.Losses.ValueLoss.mean": {
            "value": 876.3051778157552,
            "min": 432.4326894124349,
            "max": 4538.986962890625,
            "count": 229
        },
        "LunarLander.Losses.ValueLoss.sum": {
            "value": 876.3051778157552,
            "min": 432.4326894124349,
            "max": 4538.986962890625,
            "count": 229
        },
        "LunarLander.Policy.LearningRate.mean": {
            "value": 3.332498889500041e-07,
            "min": 3.332498889500041e-07,
            "max": 0.00011752396082536668,
            "count": 229
        },
        "LunarLander.Policy.LearningRate.sum": {
            "value": 3.332498889500041e-07,
            "min": 3.332498889500041e-07,
            "max": 0.00011752396082536668,
            "count": 229
        },
        "LunarLander.Policy.Epsilon.mean": {
            "value": 0.10011105000000005,
            "min": 0.10011105000000005,
            "max": 0.13917463333333335,
            "count": 229
        },
        "LunarLander.Policy.Epsilon.sum": {
            "value": 0.10011105000000005,
            "min": 0.10011105000000005,
            "max": 0.13917463333333335,
            "count": 229
        },
        "LunarLander.Policy.Beta.mean": {
            "value": 1.5541395000000078e-05,
            "min": 1.5541395000000078e-05,
            "max": 0.001964814203333333,
            "count": 229
        },
        "LunarLander.Policy.Beta.sum": {
            "value": 1.5541395000000078e-05,
            "min": 1.5541395000000078e-05,
            "max": 0.001964814203333333,
            "count": 229
        }
    },
    "metadata": {
        "timer_format_version": "0.1.0",
        "start_time_seconds": "1712845791",
        "python_version": "3.9.13 (tags/v3.9.13:6de2ca5, May 17 2022, 16:36:42) [MSC v.1929 64 bit (AMD64)]",
        "command_line_arguments": "G:\\Varun\\CODE\\Final Year Project\\Automated-Lunar-Lander\\venv\\Scripts\\mlagents-learn .\\config\\LunarLander.yaml --run-id newphase2a --initialize-from newphase1f --resume",
        "mlagents_version": "0.30.0",
        "mlagents_envs_version": "0.30.0",
        "communication_protocol_version": "1.5.0",
        "pytorch_version": "2.0.1+cu117",
        "numpy_version": "1.21.2",
        "end_time_seconds": "1712849602"
    },
    "total": 3810.5074342,
    "count": 1,
    "self": 0.012347599999884551,
    "children": {
        "run_training.setup": {
            "total": 0.19171990000000072,
            "count": 1,
            "self": 0.19171990000000072
        },
        "TrainerController.start_learning": {
            "total": 3810.3033667,
            "count": 1,
            "self": 3.9066891999968902,
            "children": {
                "TrainerController._reset_env": {
                    "total": 24.762102799999997,
                    "count": 1,
                    "self": 24.762102799999997
                },
                "TrainerController.advance": {
                    "total": 3781.4801204000028,
                    "count": 120029,
                    "self": 3.5295104999145224,
                    "children": {
                        "env_step": {
                            "total": 2822.320842500066,
                            "count": 120029,
                            "self": 1603.8896058000578,
                            "children": {
                                "SubprocessEnvManager._take_step": {
                                    "total": 1215.9820014000106,
                                    "count": 120029,
                                    "self": 14.865798800003631,
                                    "children": {
                                        "TorchPolicy.evaluate": {
                                            "total": 1201.116202600007,
                                            "count": 118072,
                                            "self": 1201.116202600007
                                        }
                                    }
                                },
                                "workers": {
                                    "total": 2.449235299997845,
                                    "count": 120029,
                                    "self": 0.0,
                                    "children": {
                                        "worker_root": {
                                            "total": 3780.8664440999837,