{
    "name": "root",
    "gauges": {
        "LunarLander.Policy.Entropy.mean": {
            "value": 0.5639374256134033,
            "min": 0.5264485478401184,
            "max": 0.5653772354125977,
            "count": 10
        },
        "LunarLander.Policy.Entropy.sum": {
            "value": 28169.802734375,
            "min": 26229.771484375,
            "max": 28268.861328125,
            "count": 10
        },
        "LunarLander.Environment.EpisodeLength.mean": {
            "value": 114.0848623853211,
            "min": 90.82299270072993,
            "max": 131.1657894736842,
            "count": 10
        },
        "LunarLander.Environment.EpisodeLength.sum": {
            "value": 49741.0,
            "min": 48528.0,
            "max": 49864.0,
            "count": 10
        },
        "LunarLander.Step.mean": {
            "value": 499997.0,
            "min": 49943.0,
            "max": 499997.0,
            "count": 10
        },
        "LunarLander.Step.sum": {
            "value": 499997.0,
            "min": 49943.0,
            "max": 499997.0,
            "count": 10
        },
        "LunarLander.Policy.ExtrinsicValueEstimate.mean": {
            "value": -9.323118209838867,
            "min": -36.23209762573242,
            "max": -9.323118209838867,
            "count": 10
        },
        "LunarLander.Policy.ExtrinsicValueEstimate.sum": {
            "value": -9211.2412109375,
            "min": -35724.84765625,
            "max": -9211.2412109375,
            "count": 10
        },
        "LunarLander.Environment.CumulativeReward.mean": {
            "value": -26.165287361593766,
            "min": -35.76928937121242,
            "max": -26.165287361593766,
            "count": 10
        },
        "LunarLander.Environment.CumulativeReward.sum": {
            "value": -11381.900002293289,
            "min": -16059.299999810755,
            "max": -11381.900002293289,
            "count": 10
        },
        "LunarLander.Policy.ExtrinsicReward.mean": {
            "value": -26.165287361593766,
            "min": -35.76928937121242,
            "max": -26.165287361593766,
            "count": 10
        },
        "LunarLander.Policy.ExtrinsicReward.sum": {
            "value": -11381.900002293289,
            "min": -16059.299999810755,
            "max": -11381.900002293289,
            "count": 10
        },
        "LunarLander.Losses.PolicyLoss.mean": {
            "value": 0.023514119203512866,
            "min": 0.022565371377083164,
            "max": 0.03080896344811966,
            "count": 10
        },
        "LunarLander.Losses.PolicyLoss.sum": {
            "value": 0.11757059601756434,
            "min": 0.09094624685434004,
            "max": 0.12323585379247864,
            "count": 10
        },
        "LunarLander.Losses.ValueLoss.mean": {
            "value": 9.253373295466105,
            "min": 8.925879014333088,
            "max": 87.38928826649983,
            "count": 10
        },
        "LunarLander.Losses.ValueLoss.sum": {
            "value": 46.266866477330524,
            "min": 44.62939507166544,
            "max": 349.55715306599933,
            "count": 10
        },
        "LunarLander.Policy.LearningRate.mean": {
            "value": 1.6475254508280005e-05,
            "min": 1.6475254508280005e-05,
            "max": 0.0002846142051286,
            "count": 10
        },
        "LunarLander.Policy.LearningRate.sum": {
            "value": 8.237627254140002e-05,
            "min": 8.237627254140002e-05,
            "max": 0.0012844602718465998,
            "count": 10
        },
        "LunarLander.Policy.Epsilon.mean": {
            "value": 0.10549172000000002,
            "min": 0.10549172000000002,
            "max": 0.19487140000000003,
            "count": 10
        },
        "LunarLander.Policy.Epsilon.sum": {
            "value": 0.5274586000000001,
            "min": 0.5001439999999999,
            "max": 0.9281533999999999,
            "count": 10
        },
        "LunarLander.Policy.Beta.mean": {
            "value": 0.00028403682800000015,
            "min": 0.00028403682800000015,
            "max": 0.004744082859999999,
            "count": 10
        },
        "LunarLander.Policy.Beta.sum": {
            "value": 0.0014201841400000009,
            "min": 0.0014201841400000009,
            "max": 0.021414854660000003,
            "count": 10
        },
        "LunarLander.IsTraining.mean": {
            "value": 1.0,
            "min": 1.0,
            "max": 1.0,
            "count": 10
        },
        "LunarLander.IsTraining.sum": {
            "value": 1.0,
            "min": 1.0,
            "max": 1.0,
            "count": 10
        }
    },
    "metadata": {
        "timer_format_version": "0.1.0",
        "start_time_seconds": "1708692848",
        "python_version": "3.9.13 (tags/v3.9.13:6de2ca5, May 17 2022, 16:36:42) [MSC v.1929 64 bit (AMD64)]",
        "command_line_arguments": "G:\\Varun\\CODE\\Unity Projects\\RL practice\\venv\\Scripts\\mlagents-learn --run-id verticalTest8 --initialize-from verticalTest7",
        "mlagents_version": "0.30.0",
        "mlagents_envs_version": "0.30.0",
        "communication_protocol_version": "1.5.0",
        "pytorch_version": "2.0.1+cu117",
        "numpy_version": "1.21.2",
        "end_time_seconds": "1708693552"
    },
    "total": 703.6143823,
    "count": 1,
    "self": 0.010893199999941316,
    "children": {
        "run_training.setup": {
            "total": 0.034197400000000044,
            "count": 1,
            "self": 0.034197400000000044
        },
        "TrainerController.start_learning": {
            "total": 703.5692917,
            "count": 1,
            "self": 0.9597765999898229,
            "children": {
                "TrainerController._reset_env": {
                    "total": 12.3677858,
                    "count": 1,
                    "self": 12.3677858
                },
                "TrainerController.advance": {
                    "total": 690.1374220000102,
                    "count": 34824,
                    "self": 0.8601922000012792,
                    "children": {
                        "env_step": {
                            "total": 502.8560349000063,
                            "count": 34824,
                            "self": 317.1088735000267,
                            "children": {
                                "SubprocessEnvManager._take_step": {
                                    "total": 185.1784855999855,
                                    "count": 34824,
                                    "self": 3.394612799987044,
                                    "children": {
                                        "TorchPolicy.evaluate": {
                                            "total": 181.78387279999845,
                                            "count": 31275,
                                            "self": 181.78387279999845
                                        }
                                    }
                                },
                                "workers": {
                                    "total": 0.568675799994125,
                                    "count": 34824,
                                    "self": 0.0,
                                    "children": {
                                        "worker_root": {
                                            "total": 690.6382670999911,
                                            "count": 34824,
                                            "is_parallel": true,
                                            "self": 430.0013599999796,
                                            "children": {
                                                "steps_from_proto": {
                                                    "total": 0.0011825999999999226,
                                                    "count": 1,