{
    "name": "root",
    "gauges": {
        "LunarLander.Policy.Entropy.mean": {
            "value": 0.17587216198444366,
            "min": 0.15817150473594666,
            "max": 0.23328396677970886,
            "count": 10
        },
        "LunarLander.Policy.Entropy.sum": {
            "value": 8758.43359375,
            "min": 7914.90234375,
            "max": 11640.8701171875,
            "count": 10
        },
        "LunarLander.Environment.EpisodeLength.mean": {
            "value": 92.28598130841121,
            "min": 88.72776769509981,
            "max": 95.03076923076924,
            "count": 10
        },
        "LunarLander.Environment.EpisodeLength.sum": {
            "value": 49373.0,
            "min": 48889.0,
            "max": 50099.0,
            "count": 10
        },
        "LunarLander.Step.mean": {
            "value": 499939.0,
            "min": 49952.0,
            "max": 499939.0,
            "count": 10
        },
        "LunarLander.Step.sum": {
            "value": 499939.0,
            "min": 49952.0,
            "max": 499939.0,
            "count": 10
        },
        "LunarLander.Policy.ExtrinsicValueEstimate.mean": {
            "value": -0.23147018253803253,
            "min": -9.850708961486816,
            "max": 0.22087086737155914,
            "count": 10
        },
        "LunarLander.Policy.ExtrinsicValueEstimate.sum": {
            "value": -243.73809814453125,
            "min": -10303.841796875,
            "max": 236.99444580078125,
            "count": 10
        },
        "LunarLander.Environment.CumulativeReward.mean": {
            "value": -0.40671641791044777,
            "min": -0.4945553539019964,
            "max": -0.40671641791044777,
            "count": 10
        },
        "LunarLander.Environment.CumulativeReward.sum": {
            "value": -218.0,
            "min": -272.5,
            "max": -218.0,
            "count": 10
        },
        "LunarLander.Policy.ExtrinsicReward.mean": {
            "value": -0.40671641791044777,
            "min": -0.4945553539019964,
            "max": -0.40671641791044777,
            "count": 10
        },
        "LunarLander.Policy.ExtrinsicReward.sum": {
            "value": -218.0,
            "min": -272.5,
            "max": -218.0,
            "count": 10
        },
        "LunarLander.Losses.PolicyLoss.mean": {
            "value": 0.023821007798736294,
            "min": 0.02191480256151408,
            "max": 0.027516510809461277,
            "count": 10
        },
        "LunarLander.Losses.PolicyLoss.sum": {
            "value": 0.11910503899368147,
            "min": 0.08765921024605632,
            "max": 0.13758255404730638,
            "count": 10
        },
        "LunarLander.Losses.ValueLoss.mean": {
            "value": 0.04547076407819986,
            "min": 0.04509550591309866,
            "max": 19.170019292831423,
            "count": 10
        },
        "LunarLander.Losses.ValueLoss.sum": {
            "value": 0.2273538203909993,
            "min": 0.18816915452480315,
            "max": 76.68007717132569,
            "count": 10
        },
        "LunarLander.Policy.LearningRate.mean": {
            "value": 1.6665334444920004e-05,
            "min": 1.6665334444920004e-05,
            "max": 0.00028462545512484996,
            "count": 10
        },
        "LunarLander.Policy.LearningRate.sum": {
            "value": 8.332667222460002e-05,
            "min": 8.332667222460002e-05,
            "max": 0.0012847458717514,
            "count": 10
        },
        "LunarLander.Policy.Epsilon.mean": {
            "value": 0.10555508,
            "min": 0.10555508,
            "max": 0.19487515,
            "count": 10
        },
        "LunarLander.Policy.Epsilon.sum": {
            "value": 0.5277754,
            "min": 0.5002441999999999,
            "max": 0.9282486000000001,
            "count": 10
        },
        "LunarLander.Policy.Beta.mean": {
            "value": 0.0002871984920000001,
            "min": 0.0002871984920000001,
            "max": 0.004744269985,
            "count": 10
        },
        "LunarLander.Policy.Beta.sum": {
            "value": 0.0014359924600000004,
            "min": 0.0014359924600000004,
            "max": 0.021419605140000002,
            "count": 10
        },
        "LunarLander.IsTraining.mean": {
            "value": 1.0,
            "min": 1.0,
            "max": 1.0,
            "count": 10
        },
        "LunarLander.IsTraining.sum": {
            "value": 1.0,
            "min": 1.0,
            "max": 1.0,
            "count": 10
        }
    },
    "metadata": {
        "timer_format_version": "0.1.0",
        "start_time_seconds": "1708683106",
        "python_version": "3.9.13 (tags/v3.9.13:6de2ca5, May 17 2022, 16:36:42) [MSC v.1929 64 bit (AMD64)]",
        "command_line_arguments": "G:\\Varun\\CODE\\Unity Projects\\RL practice\\venv\\Scripts\\mlagents-learn --initialize-from verticalTest3 --run-id verticalTest4",
        "mlagents_version": "0.30.0",
        "mlagents_envs_version": "0.30.0",
        "communication_protocol_version": "1.5.0",
        "pytorch_version": "2.0.1+cu117",
        "numpy_version": "1.21.2",
        "end_time_seconds": "1708683732"
    },
    "total": 626.3333368000001,
    "count": 1,
    "self": 0.01279750000014701,
    "children": {
        "run_training.setup": {
            "total": 0.03311960000000003,
            "count": 1,
            "self": 0.03311960000000003
        },
        "TrainerController.start_learning": {
            "total": 626.2874197,
            "count": 1,
            "self": 0.7712560000072699,
            "children": {
                "TrainerController._reset_env": {
                    "total": 15.777962800000001,
                    "count": 1,
                    "self": 15.777962800000001
                },
                "TrainerController.advance": {
                    "total": 609.6310256999928,
                    "count": 29278,
                    "self": 0.709868399985794,
                    "children": {
                        "env_step": {
                            "total": 416.05071520000615,
                            "count": 29278,
                            "self": 271.7798978000128,
                            "children": {
                                "SubprocessEnvManager._take_step": {
                                    "total": 143.80309259999555,
                                    "count": 29278,
                                    "self": 2.690437299994386,
                                    "children": {
                                        "TorchPolicy.evaluate": {
                                            "total": 141.11265530000117,
                                            "count": 25019,
                                            "self": 141.11265530000117
                                        }
                                    }
                                },
                                "workers": {
                                    "total": 0.46772479999780714,
                                    "count": 29278,
                                    "self": 0.0,
                                    "children": {
                                        "worker_root": {
                                            "total": 610.0829137999908,
                                            "count": 29278,
                                            "is_parallel": true,
                                            "self": 386.6460838999919,
                                            "children": {
                                                "steps_from_proto": {
                                                    "total": 0.0007976999999996792,
                                                    "count": 1,
                                                    "is_parallel": true,